track_name,mbz_id,fname,instrument,correct,f_score,iterations,time,threshold,transition_lambda,passes
Lil Darlin,f892ef46-a5e6-4624-a694-36444677cfa2,tynerm-lildarlin-sharpeahayesl-1986-f892ef46,mix,True,0.47798742138364786,0,08-08-23_19-19-28,0.05,5.0,2
Take the Coltrane,d8efd19a-95cb-47b7-a113-846ac138be11,barronk-takethecoltrane-hadenchaynesr-1994-d8efd19a,mix,True,0.9282700421940928,0,08-08-23_19-19-42,0.05,5.0,2
Denzils Best,b4be29dc-0604-4d35-9eec-a1134ddf4d18,flanagant-denzilsbest-mrazgjonese-1976-b4be29dc,mix,True,0.9932885906040269,0,08-08-23_19-19-56,0.05,5.0,2
Holy Mama,9983c9b5-42f8-430f-803c-1afa05bfd4bd,mancej-holymama-riveramlaroccas-1977-9983c9b5,mix,True,1.0,0,08-08-23_19-20-11,0.05,5.0,2
Dolphin Dance,87cd9343-6d9e-4651-aabc-aa191fd7c6b0,jamala-dolphindance-nasserjgantf-1971-87cd9343,mix,True,0.9230769230769231,0,08-08-23_19-20-24,0.05,5.0,2
Emily,f9fa0f9b-b3d7-4f59-a376-54fc83d42e80,evansb-emily-gomezemorellm-1968-f9fa0f9b,mix,True,0.9782608695652174,0,08-08-23_19-20-37,0.05,5.0,2
All the Things You Are,c82aab89-ca2b-4211-842f-9c69583d03ca,jarrettk-allthethingsyouare-peacockgdejohnettej-1989-c82aab89,mix,True,0.8727272727272727,0,08-08-23_19-20-53,0.05,5.0,2
Expectations,78892a40-bee3-490c-90e8-226203310b97,hicksj-expectations-drummondrsmittym-1993-78892a40,mix,True,0.9891304347826088,0,08-08-23_19-21-10,0.05,5.0,2
Tristeza,55736745-695f-4703-a51b-637db2db7324,petersono-tristeza-jonessdurhamb-1970-55736745,mix,True,1.0,0,08-08-23_19-21-23,0.05,5.0,2
Like Someone in Love,cebd562d-6606-40b5-8d58-01c96609470c,powellb-likesomeoneinlove-michelotpclarkek-1953-cebd562d,mix,True,0.8489208633093526,0,08-08-23_19-21-36,0.05,5.0,2
Lil Darlin,f892ef46-a5e6-4624-a694-36444677cfa2,tynerm-lildarlin-sharpeahayesl-1986-f892ef46,mix,True,0.48101265822784817,1,08-08-23_19-21-51,0.08750000000000001,5.0,2
Take the Coltrane,d8efd19a-95cb-47b7-a113-846ac138be11,barronk-takethecoltrane-hadenchaynesr-1994-d8efd19a,mix,True,0.9282700421940928,1,08-08-23_19-22-06,0.08750000000000001,5.0,2
Denzils Best,b4be29dc-0604-4d35-9eec-a1134ddf4d18,flanagant-denzilsbest-mrazgjonese-1976-b4be29dc,mix,True,0.9932885906040269,1,08-08-23_19-22-20,0.08750000000000001,5.0,2
Holy Mama,9983c9b5-42f8-430f-803c-1afa05bfd4bd,mancej-holymama-riveramlaroccas-1977-9983c9b5,mix,True,1.0,1,08-08-23_19-22-34,0.08750000000000001,5.0,2
Dolphin Dance,87cd9343-6d9e-4651-aabc-aa191fd7c6b0,jamala-dolphindance-nasserjgantf-1971-87cd9343,mix,True,0.9290322580645162,1,08-08-23_19-22-47,0.08750000000000001,5.0,2
Emily,f9fa0f9b-b3d7-4f59-a376-54fc83d42e80,evansb-emily-gomezemorellm-1968-f9fa0f9b,mix,True,0.9782608695652174,1,08-08-23_19-22-59,0.08750000000000001,5.0,2
All the Things You Are,c82aab89-ca2b-4211-842f-9c69583d03ca,jarrettk-allthethingsyouare-peacockgdejohnettej-1989-c82aab89,mix,True,0.8727272727272727,1,08-08-23_19-23-14,0.08750000000000001,5.0,2
Expectations,78892a40-bee3-490c-90e8-226203310b97,hicksj-expectations-drummondrsmittym-1993-78892a40,mix,True,0.994535519125683,1,08-08-23_19-23-30,0.08750000000000001,5.0,2
Tristeza,55736745-695f-4703-a51b-637db2db7324,petersono-tristeza-jonessdurhamb-1970-55736745,mix,True,0.9971014492753623,1,08-08-23_19-23-43,0.08750000000000001,5.0,2
Like Someone in Love,cebd562d-6606-40b5-8d58-01c96609470c,powellb-likesomeoneinlove-michelotpclarkek-1953-cebd562d,mix,True,0.8489208633093526,1,08-08-23_19-23-57,0.08750000000000001,5.0,2
Lil Darlin,f892ef46-a5e6-4624-a694-36444677cfa2,tynerm-lildarlin-sharpeahayesl-1986-f892ef46,mix,True,0.43209876543209874,2,08-08-23_19-24-11,0.08750000000000001,8.75,2
Take the Coltrane,d8efd19a-95cb-47b7-a113-846ac138be11,barronk-takethecoltrane-hadenchaynesr-1994-d8efd19a,mix,True,0.9282700421940928,2,08-08-23_19-24-27,0.08750000000000001,8.75,2
Denzils Best,b4be29dc-0604-4d35-9eec-a1134ddf4d18,flanagant-denzilsbest-mrazgjonese-1976-b4be29dc,mix,True,0.9932885906040269,2,08-08-23_19-24-40,0.08750000000000001,8.75,2
Holy Mama,9983c9b5-42f8-430f-803c-1afa05bfd4bd,mancej-holymama-riveramlaroccas-1977-9983c9b5,mix,True,1.0,2,08-08-23_19-24-55,0.08750000000000001,8.75,2
Dolphin Dance,87cd9343-6d9e-4651-aabc-aa191fd7c6b0,jamala-dolphindance-nasserjgantf-1971-87cd9343,mix,True,0.9290322580645162,2,08-08-23_19-25-08,0.08750000000000001,8.75,2
Emily,f9fa0f9b-b3d7-4f59-a376-54fc83d42e80,evansb-emily-gomezemorellm-1968-f9fa0f9b,mix,True,0.9782608695652174,2,08-08-23_19-25-21,0.08750000000000001,8.75,2
All the Things You Are,c82aab89-ca2b-4211-842f-9c69583d03ca,jarrettk-allthethingsyouare-peacockgdejohnettej-1989-c82aab89,mix,True,0.8727272727272727,2,08-08-23_19-25-36,0.08750000000000001,8.75,2
Expectations,78892a40-bee3-490c-90e8-226203310b97,hicksj-expectations-drummondrsmittym-1993-78892a40,mix,True,0.994535519125683,2,08-08-23_19-25-52,0.08750000000000001,8.75,2
Tristeza,55736745-695f-4703-a51b-637db2db7324,petersono-tristeza-jonessdurhamb-1970-55736745,mix,True,0.9971014492753623,2,08-08-23_19-26-05,0.08750000000000001,8.75,2
Like Someone in Love,cebd562d-6606-40b5-8d58-01c96609470c,powellb-likesomeoneinlove-michelotpclarkek-1953-cebd562d,mix,True,0.8489208633093526,2,08-08-23_19-26-18,0.08750000000000001,8.75,2
Lil Darlin,f892ef46-a5e6-4624-a694-36444677cfa2,tynerm-lildarlin-sharpeahayesl-1986-f892ef46,mix,True,0.48101265822784817,3,08-08-23_19-26-33,0.05,1.25,2
Take the Coltrane,d8efd19a-95cb-47b7-a113-846ac138be11,barronk-takethecoltrane-hadenchaynesr-1994-d8efd19a,mix,True,0.9282700421940928,3,08-08-23_19-26-48,0.05,1.25,2
Denzils Best,b4be29dc-0604-4d35-9eec-a1134ddf4d18,flanagant-denzilsbest-mrazgjonese-1976-b4be29dc,mix,True,0.9932885906040269,3,08-08-23_19-27-02,0.05,1.25,2
Holy Mama,9983c9b5-42f8-430f-803c-1afa05bfd4bd,mancej-holymama-riveramlaroccas-1977-9983c9b5,mix,True,1.0,3,08-08-23_19-27-17,0.05,1.25,2
Dolphin Dance,87cd9343-6d9e-4651-aabc-aa191fd7c6b0,jamala-dolphindance-nasserjgantf-1971-87cd9343,mix,True,0.9230769230769231,3,08-08-23_19-27-31,0.05,1.25,2
Emily,f9fa0f9b-b3d7-4f59-a376-54fc83d42e80,evansb-emily-gomezemorellm-1968-f9fa0f9b,mix,True,0.9782608695652174,3,08-08-23_19-27-44,0.05,1.25,2
All the Things You Are,c82aab89-ca2b-4211-842f-9c69583d03ca,jarrettk-allthethingsyouare-peacockgdejohnettej-1989-c82aab89,mix,True,0.8654545454545454,3,08-08-23_19-27-59,0.05,1.25,2
Expectations,78892a40-bee3-490c-90e8-226203310b97,hicksj-expectations-drummondrsmittym-1993-78892a40,mix,True,0.9891304347826088,3,08-08-23_19-28-15,0.05,1.25,2
Tristeza,55736745-695f-4703-a51b-637db2db7324,petersono-tristeza-jonessdurhamb-1970-55736745,mix,True,1.0,3,08-08-23_19-28-28,0.05,1.25,2
Like Someone in Love,cebd562d-6606-40b5-8d58-01c96609470c,powellb-likesomeoneinlove-michelotpclarkek-1953-cebd562d,mix,True,0.8489208633093526,3,08-08-23_19-28-41,0.05,1.25,2
Lil Darlin,f892ef46-a5e6-4624-a694-36444677cfa2,tynerm-lildarlin-sharpeahayesl-1986-f892ef46,mix,True,0.4905660377358491,4,08-08-23_19-28-56,0.059375000000000004,3.125,2
Take the Coltrane,d8efd19a-95cb-47b7-a113-846ac138be11,barronk-takethecoltrane-hadenchaynesr-1994-d8efd19a,mix,True,0.9282700421940928,4,08-08-23_19-29-12,0.059375000000000004,3.125,2
Denzils Best,b4be29dc-0604-4d35-9eec-a1134ddf4d18,flanagant-denzilsbest-mrazgjonese-1976-b4be29dc,mix,True,0.9932885906040269,4,08-08-23_19-29-26,0.059375000000000004,3.125,2
Holy Mama,9983c9b5-42f8-430f-803c-1afa05bfd4bd,mancej-holymama-riveramlaroccas-1977-9983c9b5,mix,True,1.0,4,08-08-23_19-29-40,0.059375000000000004,3.125,2
Dolphin Dance,87cd9343-6d9e-4651-aabc-aa191fd7c6b0,jamala-dolphindance-nasserjgantf-1971-87cd9343,mix,True,0.9230769230769231,4,08-08-23_19-29-53,0.059375000000000004,3.125,2
Emily,f9fa0f9b-b3d7-4f59-a376-54fc83d42e80,evansb-emily-gomezemorellm-1968-f9fa0f9b,mix,True,0.9782608695652174,4,08-08-23_19-30-05,0.059375000000000004,3.125,2
All the Things You Are,c82aab89-ca2b-4211-842f-9c69583d03ca,jarrettk-allthethingsyouare-peacockgdejohnettej-1989-c82aab89,mix,True,0.8727272727272727,4,08-08-23_19-30-20,0.059375000000000004,3.125,2
Expectations,78892a40-bee3-490c-90e8-226203310b97,hicksj-expectations-drummondrsmittym-1993-78892a40,mix,True,0.9891304347826088,4,08-08-23_19-30-36,0.059375000000000004,3.125,2
Tristeza,55736745-695f-4703-a51b-637db2db7324,petersono-tristeza-jonessdurhamb-1970-55736745,mix,True,0.9971014492753623,4,08-08-23_19-30-50,0.059375000000000004,3.125,2
Like Someone in Love,cebd562d-6606-40b5-8d58-01c96609470c,powellb-likesomeoneinlove-michelotpclarkek-1953-cebd562d,mix,True,0.8489208633093526,4,08-08-23_19-31-03,0.059375000000000004,3.125,2
Lil Darlin,f892ef46-a5e6-4624-a694-36444677cfa2,tynerm-lildarlin-sharpeahayesl-1986-f892ef46,mix,True,0.40243902439024387,5,08-08-23_19-31-24,0.08750000000000001,5.0,3
Take the Coltrane,d8efd19a-95cb-47b7-a113-846ac138be11,barronk-takethecoltrane-hadenchaynesr-1994-d8efd19a,mix,True,0.9282700421940928,5,08-08-23_19-31-46,0.08750000000000001,5.0,3
Denzils Best,b4be29dc-0604-4d35-9eec-a1134ddf4d18,flanagant-denzilsbest-mrazgjonese-1976-b4be29dc,mix,True,0.9932885906040269,5,08-08-23_19-32-05,0.08750000000000001,5.0,3
Holy Mama,9983c9b5-42f8-430f-803c-1afa05bfd4bd,mancej-holymama-riveramlaroccas-1977-9983c9b5,mix,True,1.0,5,08-08-23_19-32-25,0.08750000000000001,5.0,3
Dolphin Dance,87cd9343-6d9e-4651-aabc-aa191fd7c6b0,jamala-dolphindance-nasserjgantf-1971-87cd9343,mix,True,0.9290322580645162,5,08-08-23_19-32-44,0.08750000000000001,5.0,3
Emily,f9fa0f9b-b3d7-4f59-a376-54fc83d42e80,evansb-emily-gomezemorellm-1968-f9fa0f9b,mix,True,0.967391304347826,5,08-08-23_19-33-02,0.08750000000000001,5.0,3
All the Things You Are,c82aab89-ca2b-4211-842f-9c69583d03ca,jarrettk-allthethingsyouare-peacockgdejohnettej-1989-c82aab89,mix,True,0.8727272727272727,5,08-08-23_19-33-22,0.08750000000000001,5.0,3
Expectations,78892a40-bee3-490c-90e8-226203310b97,hicksj-expectations-drummondrsmittym-1993-78892a40,mix,True,0.994535519125683,5,08-08-23_19-33-44,0.08750000000000001,5.0,3
Tristeza,55736745-695f-4703-a51b-637db2db7324,petersono-tristeza-jonessdurhamb-1970-55736745,mix,True,0.9971014492753623,5,08-08-23_19-34-02,0.08750000000000001,5.0,3
Like Someone in Love,cebd562d-6606-40b5-8d58-01c96609470c,powellb-likesomeoneinlove-michelotpclarkek-1953-cebd562d,mix,True,0.8489208633093526,5,08-08-23_19-34-21,0.08750000000000001,5.0,3
Lil Darlin,f892ef46-a5e6-4624-a694-36444677cfa2,tynerm-lildarlin-sharpeahayesl-1986-f892ef46,mix,True,0.588957055214724,6,08-08-23_19-34-31,0.08750000000000001,5.0,1
Take the Coltrane,d8efd19a-95cb-47b7-a113-846ac138be11,barronk-takethecoltrane-hadenchaynesr-1994-d8efd19a,mix,True,0.869198312236287,6,08-08-23_19-34-41,0.08750000000000001,5.0,1
Denzils Best,b4be29dc-0604-4d35-9eec-a1134ddf4d18,flanagant-denzilsbest-mrazgjonese-1976-b4be29dc,mix,True,0.9664429530201343,6,08-08-23_19-34-49,0.08750000000000001,5.0,1
Holy Mama,9983c9b5-42f8-430f-803c-1afa05bfd4bd,mancej-holymama-riveramlaroccas-1977-9983c9b5,mix,True,1.0,6,08-08-23_19-34-57,0.08750000000000001,5.0,1
Dolphin Dance,87cd9343-6d9e-4651-aabc-aa191fd7c6b0,jamala-dolphindance-nasserjgantf-1971-87cd9343,mix,True,0.8441558441558442,6,08-08-23_19-35-05,0.08750000000000001,5.0,1
Emily,f9fa0f9b-b3d7-4f59-a376-54fc83d42e80,evansb-emily-gomezemorellm-1968-f9fa0f9b,mix,True,0.9304812834224598,6,08-08-23_19-35-11,0.08750000000000001,5.0,1
All the Things You Are,c82aab89-ca2b-4211-842f-9c69583d03ca,jarrettk-allthethingsyouare-peacockgdejohnettej-1989-c82aab89,mix,True,0.8750000000000001,6,08-08-23_19-35-21,0.08750000000000001,5.0,1
Expectations,78892a40-bee3-490c-90e8-226203310b97,hicksj-expectations-drummondrsmittym-1993-78892a40,mix,True,0.9891304347826088,6,08-08-23_19-35-31,0.08750000000000001,5.0,1
Tristeza,55736745-695f-4703-a51b-637db2db7324,petersono-tristeza-jonessdurhamb-1970-55736745,mix,True,0.9677419354838709,6,08-08-23_19-35-38,0.08750000000000001,5.0,1
Like Someone in Love,cebd562d-6606-40b5-8d58-01c96609470c,powellb-likesomeoneinlove-michelotpclarkek-1953-cebd562d,mix,True,0.9577464788732395,6,08-08-23_19-35-46,0.08750000000000001,5.0,1
Lil Darlin,f892ef46-a5e6-4624-a694-36444677cfa2,tynerm-lildarlin-sharpeahayesl-1986-f892ef46,mix,True,0.588957055214724,7,08-08-23_19-35-56,0.08750000000000001,5.0,1
Take the Coltrane,d8efd19a-95cb-47b7-a113-846ac138be11,barronk-takethecoltrane-hadenchaynesr-1994-d8efd19a,mix,True,0.869198312236287,7,08-08-23_19-36-06,0.08750000000000001,5.0,1
Denzils Best,b4be29dc-0604-4d35-9eec-a1134ddf4d18,flanagant-denzilsbest-mrazgjonese-1976-b4be29dc,mix,True,0.9664429530201343,7,08-08-23_19-36-14,0.08750000000000001,5.0,1
Holy Mama,9983c9b5-42f8-430f-803c-1afa05bfd4bd,mancej-holymama-riveramlaroccas-1977-9983c9b5,mix,True,1.0,7,08-08-23_19-36-22,0.08750000000000001,5.0,1
Dolphin Dance,87cd9343-6d9e-4651-aabc-aa191fd7c6b0,jamala-dolphindance-nasserjgantf-1971-87cd9343,mix,True,0.8441558441558442,7,08-08-23_19-36-30,0.08750000000000001,5.0,1
Emily,f9fa0f9b-b3d7-4f59-a376-54fc83d42e80,evansb-emily-gomezemorellm-1968-f9fa0f9b,mix,True,0.9304812834224598,7,08-08-23_19-36-36,0.08750000000000001,5.0,1
All the Things You Are,c82aab89-ca2b-4211-842f-9c69583d03ca,jarrettk-allthethingsyouare-peacockgdejohnettej-1989-c82aab89,mix,True,0.8750000000000001,7,08-08-23_19-36-46,0.08750000000000001,5.0,1
Expectations,78892a40-bee3-490c-90e8-226203310b97,hicksj-expectations-drummondrsmittym-1993-78892a40,mix,True,0.9891304347826088,7,08-08-23_19-36-56,0.08750000000000001,5.0,1
Tristeza,55736745-695f-4703-a51b-637db2db7324,petersono-tristeza-jonessdurhamb-1970-55736745,mix,True,0.9677419354838709,7,08-08-23_19-37-03,0.08750000000000001,5.0,1
Like Someone in Love,cebd562d-6606-40b5-8d58-01c96609470c,powellb-likesomeoneinlove-michelotpclarkek-1953-cebd562d,mix,True,0.9577464788732395,7,08-08-23_19-37-11,0.08750000000000001,5.0,1
Lil Darlin,f892ef46-a5e6-4624-a694-36444677cfa2,tynerm-lildarlin-sharpeahayesl-1986-f892ef46,mix,True,0.48101265822784817,8,08-08-23_19-37-26,0.08750000000000001,5.0,2
Take the Coltrane,d8efd19a-95cb-47b7-a113-846ac138be11,barronk-takethecoltrane-hadenchaynesr-1994-d8efd19a,mix,True,0.9282700421940928,8,08-08-23_19-37-42,0.08750000000000001,5.0,2
Denzils Best,b4be29dc-0604-4d35-9eec-a1134ddf4d18,flanagant-denzilsbest-mrazgjonese-1976-b4be29dc,mix,True,0.9932885906040269,8,08-08-23_19-37-55,0.08750000000000001,5.0,2
Holy Mama,9983c9b5-42f8-430f-803c-1afa05bfd4bd,mancej-holymama-riveramlaroccas-1977-9983c9b5,mix,True,1.0,8,08-08-23_19-38-10,0.08750000000000001,5.0,2
Dolphin Dance,87cd9343-6d9e-4651-aabc-aa191fd7c6b0,jamala-dolphindance-nasserjgantf-1971-87cd9343,mix,True,0.9290322580645162,8,08-08-23_19-38-22,0.08750000000000001,5.0,2
Emily,f9fa0f9b-b3d7-4f59-a376-54fc83d42e80,evansb-emily-gomezemorellm-1968-f9fa0f9b,mix,True,0.9782608695652174,8,08-08-23_19-38-35,0.08750000000000001,5.0,2
All the Things You Are,c82aab89-ca2b-4211-842f-9c69583d03ca,jarrettk-allthethingsyouare-peacockgdejohnettej-1989-c82aab89,mix,True,0.8727272727272727,8,08-08-23_19-38-50,0.08750000000000001,5.0,2
Expectations,78892a40-bee3-490c-90e8-226203310b97,hicksj-expectations-drummondrsmittym-1993-78892a40,mix,True,0.994535519125683,8,08-08-23_19-39-06,0.08750000000000001,5.0,2
Tristeza,55736745-695f-4703-a51b-637db2db7324,petersono-tristeza-jonessdurhamb-1970-55736745,mix,True,0.9971014492753623,8,08-08-23_19-39-19,0.08750000000000001,5.0,2
Like Someone in Love,cebd562d-6606-40b5-8d58-01c96609470c,powellb-likesomeoneinlove-michelotpclarkek-1953-cebd562d,mix,True,0.8489208633093526,8,08-08-23_19-39-33,0.08750000000000001,5.0,2
Lil Darlin,f892ef46-a5e6-4624-a694-36444677cfa2,tynerm-lildarlin-sharpeahayesl-1986-f892ef46,mix,True,0.588957055214724,9,08-08-23_19-39-42,0.08750000000000001,5.0,1
Take the Coltrane,d8efd19a-95cb-47b7-a113-846ac138be11,barronk-takethecoltrane-hadenchaynesr-1994-d8efd19a,mix,True,0.869198312236287,9,08-08-23_19-39-52,0.08750000000000001,5.0,1
Denzils Best,b4be29dc-0604-4d35-9eec-a1134ddf4d18,flanagant-denzilsbest-mrazgjonese-1976-b4be29dc,mix,True,0.9664429530201343,9,08-08-23_19-40-00,0.08750000000000001,5.0,1
Holy Mama,9983c9b5-42f8-430f-803c-1afa05bfd4bd,mancej-holymama-riveramlaroccas-1977-9983c9b5,mix,True,1.0,9,08-08-23_19-40-09,0.08750000000000001,5.0,1
Dolphin Dance,87cd9343-6d9e-4651-aabc-aa191fd7c6b0,jamala-dolphindance-nasserjgantf-1971-87cd9343,mix,True,0.8441558441558442,9,08-08-23_19-40-17,0.08750000000000001,5.0,1
Emily,f9fa0f9b-b3d7-4f59-a376-54fc83d42e80,evansb-emily-gomezemorellm-1968-f9fa0f9b,mix,True,0.9304812834224598,9,08-08-23_19-40-23,0.08750000000000001,5.0,1
All the Things You Are,c82aab89-ca2b-4211-842f-9c69583d03ca,jarrettk-allthethingsyouare-peacockgdejohnettej-1989-c82aab89,mix,True,0.8750000000000001,9,08-08-23_19-40-33,0.08750000000000001,5.0,1
Expectations,78892a40-bee3-490c-90e8-226203310b97,hicksj-expectations-drummondrsmittym-1993-78892a40,mix,True,0.9891304347826088,9,08-08-23_19-40-43,0.08750000000000001,5.0,1
Tristeza,55736745-695f-4703-a51b-637db2db7324,petersono-tristeza-jonessdurhamb-1970-55736745,mix,True,0.9677419354838709,9,08-08-23_19-40-50,0.08750000000000001,5.0,1
Like Someone in Love,cebd562d-6606-40b5-8d58-01c96609470c,powellb-likesomeoneinlove-michelotpclarkek-1953-cebd562d,mix,True,0.9577464788732395,9,08-08-23_19-40-58,0.08750000000000001,5.0,1
Lil Darlin,f892ef46-a5e6-4624-a694-36444677cfa2,tynerm-lildarlin-sharpeahayesl-1986-f892ef46,mix,True,0.48101265822784817,10,08-08-23_19-41-13,0.08750000000000001,5.0,2
Take the Coltrane,d8efd19a-95cb-47b7-a113-846ac138be11,barronk-takethecoltrane-hadenchaynesr-1994-d8efd19a,mix,True,0.9282700421940928,10,08-08-23_19-41-29,0.08750000000000001,5.0,2
Denzils Best,b4be29dc-0604-4d35-9eec-a1134ddf4d18,flanagant-denzilsbest-mrazgjonese-1976-b4be29dc,mix,True,0.9932885906040269,10,08-08-23_19-41-42,0.08750000000000001,5.0,2
Holy Mama,9983c9b5-42f8-430f-803c-1afa05bfd4bd,mancej-holymama-riveramlaroccas-1977-9983c9b5,mix,True,1.0,10,08-08-23_19-41-57,0.08750000000000001,5.0,2
Dolphin Dance,87cd9343-6d9e-4651-aabc-aa191fd7c6b0,jamala-dolphindance-nasserjgantf-1971-87cd9343,mix,True,0.9290322580645162,10,08-08-23_19-42-10,0.08750000000000001,5.0,2
Emily,f9fa0f9b-b3d7-4f59-a376-54fc83d42e80,evansb-emily-gomezemorellm-1968-f9fa0f9b,mix,True,0.9782608695652174,10,08-08-23_19-42-22,0.08750000000000001,5.0,2
All the Things You Are,c82aab89-ca2b-4211-842f-9c69583d03ca,jarrettk-allthethingsyouare-peacockgdejohnettej-1989-c82aab89,mix,True,0.8727272727272727,10,08-08-23_19-42-37,0.08750000000000001,5.0,2
Expectations,78892a40-bee3-490c-90e8-226203310b97,hicksj-expectations-drummondrsmittym-1993-78892a40,mix,True,0.994535519125683,10,08-08-23_19-42-53,0.08750000000000001,5.0,2
Tristeza,55736745-695f-4703-a51b-637db2db7324,petersono-tristeza-jonessdurhamb-1970-55736745,mix,True,0.9971014492753623,10,08-08-23_19-43-06,0.08750000000000001,5.0,2
Like Someone in Love,cebd562d-6606-40b5-8d58-01c96609470c,powellb-likesomeoneinlove-michelotpclarkek-1953-cebd562d,mix,True,0.8489208633093526,10,08-08-23_19-43-19,0.08750000000000001,5.0,2
Lil Darlin,f892ef46-a5e6-4624-a694-36444677cfa2,tynerm-lildarlin-sharpeahayesl-1986-f892ef46,mix,True,0.48101265822784817,11,08-08-23_19-43-34,0.08750000000000001,5.0,2
Take the Coltrane,d8efd19a-95cb-47b7-a113-846ac138be11,barronk-takethecoltrane-hadenchaynesr-1994-d8efd19a,mix,True,0.9282700421940928,11,08-08-23_19-43-50,0.08750000000000001,5.0,2
Denzils Best,b4be29dc-0604-4d35-9eec-a1134ddf4d18,flanagant-denzilsbest-mrazgjonese-1976-b4be29dc,mix,True,0.9932885906040269,11,08-08-23_19-44-03,0.08750000000000001,5.0,2
Holy Mama,9983c9b5-42f8-430f-803c-1afa05bfd4bd,mancej-holymama-riveramlaroccas-1977-9983c9b5,mix,True,1.0,11,08-08-23_19-44-18,0.08750000000000001,5.0,2
Dolphin Dance,87cd9343-6d9e-4651-aabc-aa191fd7c6b0,jamala-dolphindance-nasserjgantf-1971-87cd9343,mix,True,0.9290322580645162,11,08-08-23_19-44-31,0.08750000000000001,5.0,2
Emily,f9fa0f9b-b3d7-4f59-a376-54fc83d42e80,evansb-emily-gomezemorellm-1968-f9fa0f9b,mix,True,0.9782608695652174,11,08-08-23_19-44-43,0.08750000000000001,5.0,2
All the Things You Are,c82aab89-ca2b-4211-842f-9c69583d03ca,jarrettk-allthethingsyouare-peacockgdejohnettej-1989-c82aab89,mix,True,0.8727272727272727,11,08-08-23_19-44-58,0.08750000000000001,5.0,2
Expectations,78892a40-bee3-490c-90e8-226203310b97,hicksj-expectations-drummondrsmittym-1993-78892a40,mix,True,0.994535519125683,11,08-08-23_19-45-14,0.08750000000000001,5.0,2
Tristeza,55736745-695f-4703-a51b-637db2db7324,petersono-tristeza-jonessdurhamb-1970-55736745,mix,True,0.9971014492753623,11,08-08-23_19-45-27,0.08750000000000001,5.0,2
Like Someone in Love,cebd562d-6606-40b5-8d58-01c96609470c,powellb-likesomeoneinlove-michelotpclarkek-1953-cebd562d,mix,True,0.8489208633093526,11,08-08-23_19-45-40,0.08750000000000001,5.0,2
Lil Darlin,f892ef46-a5e6-4624-a694-36444677cfa2,tynerm-lildarlin-sharpeahayesl-1986-f892ef46,mix,True,0.588957055214724,12,08-08-23_19-45-50,0.08750000000000001,5.0,1
Take the Coltrane,d8efd19a-95cb-47b7-a113-846ac138be11,barronk-takethecoltrane-hadenchaynesr-1994-d8efd19a,mix,True,0.869198312236287,12,08-08-23_19-46-00,0.08750000000000001,5.0,1
Denzils Best,b4be29dc-0604-4d35-9eec-a1134ddf4d18,flanagant-denzilsbest-mrazgjonese-1976-b4be29dc,mix,True,0.9664429530201343,12,08-08-23_19-46-08,0.08750000000000001,5.0,1
Holy Mama,9983c9b5-42f8-430f-803c-1afa05bfd4bd,mancej-holymama-riveramlaroccas-1977-9983c9b5,mix,True,1.0,12,08-08-23_19-46-16,0.08750000000000001,5.0,1
Dolphin Dance,87cd9343-6d9e-4651-aabc-aa191fd7c6b0,jamala-dolphindance-nasserjgantf-1971-87cd9343,mix,True,0.8441558441558442,12,08-08-23_19-46-24,0.08750000000000001,5.0,1
Emily,f9fa0f9b-b3d7-4f59-a376-54fc83d42e80,evansb-emily-gomezemorellm-1968-f9fa0f9b,mix,True,0.9304812834224598,12,08-08-23_19-46-30,0.08750000000000001,5.0,1
All the Things You Are,c82aab89-ca2b-4211-842f-9c69583d03ca,jarrettk-allthethingsyouare-peacockgdejohnettej-1989-c82aab89,mix,True,0.8750000000000001,12,08-08-23_19-46-41,0.08750000000000001,5.0,1
Expectations,78892a40-bee3-490c-90e8-226203310b97,hicksj-expectations-drummondrsmittym-1993-78892a40,mix,True,0.9891304347826088,12,08-08-23_19-46-51,0.08750000000000001,5.0,1
Tristeza,55736745-695f-4703-a51b-637db2db7324,petersono-tristeza-jonessdurhamb-1970-55736745,mix,True,0.9677419354838709,12,08-08-23_19-46-59,0.08750000000000001,5.0,1
Like Someone in Love,cebd562d-6606-40b5-8d58-01c96609470c,powellb-likesomeoneinlove-michelotpclarkek-1953-cebd562d,mix,True,0.9577464788732395,12,08-08-23_19-47-07,0.08750000000000001,5.0,1
Lil Darlin,f892ef46-a5e6-4624-a694-36444677cfa2,tynerm-lildarlin-sharpeahayesl-1986-f892ef46,mix,True,0.48101265822784817,13,08-08-23_19-47-21,0.08750000000000001,5.0,2
Take the Coltrane,d8efd19a-95cb-47b7-a113-846ac138be11,barronk-takethecoltrane-hadenchaynesr-1994-d8efd19a,mix,True,0.9282700421940928,13,08-08-23_19-47-37,0.08750000000000001,5.0,2
Denzils Best,b4be29dc-0604-4d35-9eec-a1134ddf4d18,flanagant-denzilsbest-mrazgjonese-1976-b4be29dc,mix,True,0.9932885906040269,13,08-08-23_19-47-50,0.08750000000000001,5.0,2
Holy Mama,9983c9b5-42f8-430f-803c-1afa05bfd4bd,mancej-holymama-riveramlaroccas-1977-9983c9b5,mix,True,1.0,13,08-08-23_19-48-05,0.08750000000000001,5.0,2
Dolphin Dance,87cd9343-6d9e-4651-aabc-aa191fd7c6b0,jamala-dolphindance-nasserjgantf-1971-87cd9343,mix,True,0.9290322580645162,13,08-08-23_19-48-18,0.08750000000000001,5.0,2
Emily,f9fa0f9b-b3d7-4f59-a376-54fc83d42e80,evansb-emily-gomezemorellm-1968-f9fa0f9b,mix,True,0.9782608695652174,13,08-08-23_19-48-30,0.08750000000000001,5.0,2
All the Things You Are,c82aab89-ca2b-4211-842f-9c69583d03ca,jarrettk-allthethingsyouare-peacockgdejohnettej-1989-c82aab89,mix,True,0.8727272727272727,13,08-08-23_19-48-45,0.08750000000000001,5.0,2
Expectations,78892a40-bee3-490c-90e8-226203310b97,hicksj-expectations-drummondrsmittym-1993-78892a40,mix,True,0.994535519125683,13,08-08-23_19-49-01,0.08750000000000001,5.0,2
Tristeza,55736745-695f-4703-a51b-637db2db7324,petersono-tristeza-jonessdurhamb-1970-55736745,mix,True,0.9971014492753623,13,08-08-23_19-49-14,0.08750000000000001,5.0,2
Like Someone in Love,cebd562d-6606-40b5-8d58-01c96609470c,powellb-likesomeoneinlove-michelotpclarkek-1953-cebd562d,mix,True,0.8489208633093526,13,08-08-23_19-49-28,0.08750000000000001,5.0,2
Lil Darlin,f892ef46-a5e6-4624-a694-36444677cfa2,tynerm-lildarlin-sharpeahayesl-1986-f892ef46,mix,True,0.48101265822784817,14,08-08-23_19-49-43,0.08750000000000001,5.0,2
Take the Coltrane,d8efd19a-95cb-47b7-a113-846ac138be11,barronk-takethecoltrane-hadenchaynesr-1994-d8efd19a,mix,True,0.9282700421940928,14,08-08-23_19-49-58,0.08750000000000001,5.0,2
Denzils Best,b4be29dc-0604-4d35-9eec-a1134ddf4d18,flanagant-denzilsbest-mrazgjonese-1976-b4be29dc,mix,True,0.9932885906040269,14,08-08-23_19-50-12,0.08750000000000001,5.0,2
Holy Mama,9983c9b5-42f8-430f-803c-1afa05bfd4bd,mancej-holymama-riveramlaroccas-1977-9983c9b5,mix,True,1.0,14,08-08-23_19-50-26,0.08750000000000001,5.0,2
Dolphin Dance,87cd9343-6d9e-4651-aabc-aa191fd7c6b0,jamala-dolphindance-nasserjgantf-1971-87cd9343,mix,True,0.9290322580645162,14,08-08-23_19-50-39,0.08750000000000001,5.0,2
Emily,f9fa0f9b-b3d7-4f59-a376-54fc83d42e80,evansb-emily-gomezemorellm-1968-f9fa0f9b,mix,True,0.9782608695652174,14,08-08-23_19-50-51,0.08750000000000001,5.0,2
All the Things You Are,c82aab89-ca2b-4211-842f-9c69583d03ca,jarrettk-allthethingsyouare-peacockgdejohnettej-1989-c82aab89,mix,True,0.8727272727272727,14,08-08-23_19-51-06,0.08750000000000001,5.0,2
Expectations,78892a40-bee3-490c-90e8-226203310b97,hicksj-expectations-drummondrsmittym-1993-78892a40,mix,True,0.994535519125683,14,08-08-23_19-51-22,0.08750000000000001,5.0,2
Tristeza,55736745-695f-4703-a51b-637db2db7324,petersono-tristeza-jonessdurhamb-1970-55736745,mix,True,0.9971014492753623,14,08-08-23_19-51-35,0.08750000000000001,5.0,2
Like Someone in Love,cebd562d-6606-40b5-8d58-01c96609470c,powellb-likesomeoneinlove-michelotpclarkek-1953-cebd562d,mix,True,0.8489208633093526,14,08-08-23_19-51-48,0.08750000000000001,5.0,2
Lil Darlin,f892ef46-a5e6-4624-a694-36444677cfa2,tynerm-lildarlin-sharpeahayesl-1986-f892ef46,mix,True,0.48101265822784817,15,08-08-23_19-52-03,0.08750000000000001,5.0,2
Take the Coltrane,d8efd19a-95cb-47b7-a113-846ac138be11,barronk-takethecoltrane-hadenchaynesr-1994-d8efd19a,mix,True,0.9282700421940928,15,08-08-23_19-52-19,0.08750000000000001,5.0,2
Denzils Best,b4be29dc-0604-4d35-9eec-a1134ddf4d18,flanagant-denzilsbest-mrazgjonese-1976-b4be29dc,mix,True,0.9932885906040269,15,08-08-23_19-52-33,0.08750000000000001,5.0,2
Holy Mama,9983c9b5-42f8-430f-803c-1afa05bfd4bd,mancej-holymama-riveramlaroccas-1977-9983c9b5,mix,True,1.0,15,08-08-23_19-52-47,0.08750000000000001,5.0,2
Dolphin Dance,87cd9343-6d9e-4651-aabc-aa191fd7c6b0,jamala-dolphindance-nasserjgantf-1971-87cd9343,mix,True,0.9290322580645162,15,08-08-23_19-53-00,0.08750000000000001,5.0,2
Emily,f9fa0f9b-b3d7-4f59-a376-54fc83d42e80,evansb-emily-gomezemorellm-1968-f9fa0f9b,mix,True,0.9782608695652174,15,08-08-23_19-53-12,0.08750000000000001,5.0,2
All the Things You Are,c82aab89-ca2b-4211-842f-9c69583d03ca,jarrettk-allthethingsyouare-peacockgdejohnettej-1989-c82aab89,mix,True,0.8727272727272727,15,08-08-23_19-53-27,0.08750000000000001,5.0,2
Expectations,78892a40-bee3-490c-90e8-226203310b97,hicksj-expectations-drummondrsmittym-1993-78892a40,mix,True,0.994535519125683,15,08-08-23_19-53-43,0.08750000000000001,5.0,2
Tristeza,55736745-695f-4703-a51b-637db2db7324,petersono-tristeza-jonessdurhamb-1970-55736745,mix,True,0.9971014492753623,15,08-08-23_19-53-56,0.08750000000000001,5.0,2
Like Someone in Love,cebd562d-6606-40b5-8d58-01c96609470c,powellb-likesomeoneinlove-michelotpclarkek-1953-cebd562d,mix,True,0.8489208633093526,15,08-08-23_19-54-10,0.08750000000000001,5.0,2
Lil Darlin,f892ef46-a5e6-4624-a694-36444677cfa2,tynerm-lildarlin-sharpeahayesl-1986-f892ef46,mix,True,0.48101265822784817,16,08-08-23_19-54-24,0.09125000000000001,5.0,2
Take the Coltrane,d8efd19a-95cb-47b7-a113-846ac138be11,barronk-takethecoltrane-hadenchaynesr-1994-d8efd19a,mix,True,0.9282700421940928,16,08-08-23_19-54-40,0.09125000000000001,5.0,2
Denzils Best,b4be29dc-0604-4d35-9eec-a1134ddf4d18,flanagant-denzilsbest-mrazgjonese-1976-b4be29dc,mix,True,0.9932885906040269,16,08-08-23_19-54-54,0.09125000000000001,5.0,2
Holy Mama,9983c9b5-42f8-430f-803c-1afa05bfd4bd,mancej-holymama-riveramlaroccas-1977-9983c9b5,mix,True,1.0,16,08-08-23_19-55-08,0.09125000000000001,5.0,2
Dolphin Dance,87cd9343-6d9e-4651-aabc-aa191fd7c6b0,jamala-dolphindance-nasserjgantf-1971-87cd9343,mix,True,0.9290322580645162,16,08-08-23_19-55-21,0.09125000000000001,5.0,2
Emily,f9fa0f9b-b3d7-4f59-a376-54fc83d42e80,evansb-emily-gomezemorellm-1968-f9fa0f9b,mix,True,0.9782608695652174,16,08-08-23_19-55-33,0.09125000000000001,5.0,2
All the Things You Are,c82aab89-ca2b-4211-842f-9c69583d03ca,jarrettk-allthethingsyouare-peacockgdejohnettej-1989-c82aab89,mix,True,0.8727272727272727,16,08-08-23_19-55-48,0.09125000000000001,5.0,2
Expectations,78892a40-bee3-490c-90e8-226203310b97,hicksj-expectations-drummondrsmittym-1993-78892a40,mix,True,0.994535519125683,16,08-08-23_19-56-04,0.09125000000000001,5.0,2
Tristeza,55736745-695f-4703-a51b-637db2db7324,petersono-tristeza-jonessdurhamb-1970-55736745,mix,True,0.9971014492753623,16,08-08-23_19-56-17,0.09125000000000001,5.0,2
Like Someone in Love,cebd562d-6606-40b5-8d58-01c96609470c,powellb-likesomeoneinlove-michelotpclarkek-1953-cebd562d,mix,True,0.8489208633093526,16,08-08-23_19-56-31,0.09125000000000001,5.0,2
Lil Darlin,f892ef46-a5e6-4624-a694-36444677cfa2,tynerm-lildarlin-sharpeahayesl-1986-f892ef46,mix,True,0.48101265822784817,17,08-08-23_19-56-46,0.08375,5.0,2
Take the Coltrane,d8efd19a-95cb-47b7-a113-846ac138be11,barronk-takethecoltrane-hadenchaynesr-1994-d8efd19a,mix,True,0.9282700421940928,17,08-08-23_19-57-01,0.08375,5.0,2
Denzils Best,b4be29dc-0604-4d35-9eec-a1134ddf4d18,flanagant-denzilsbest-mrazgjonese-1976-b4be29dc,mix,True,0.9932885906040269,17,08-08-23_19-57-15,0.08375,5.0,2
Holy Mama,9983c9b5-42f8-430f-803c-1afa05bfd4bd,mancej-holymama-riveramlaroccas-1977-9983c9b5,mix,True,1.0,17,08-08-23_19-57-29,0.08375,5.0,2
Dolphin Dance,87cd9343-6d9e-4651-aabc-aa191fd7c6b0,jamala-dolphindance-nasserjgantf-1971-87cd9343,mix,True,0.9290322580645162,17,08-08-23_19-57-42,0.08375,5.0,2
Emily,f9fa0f9b-b3d7-4f59-a376-54fc83d42e80,evansb-emily-gomezemorellm-1968-f9fa0f9b,mix,True,0.9782608695652174,17,08-08-23_19-57-54,0.08375,5.0,2
All the Things You Are,c82aab89-ca2b-4211-842f-9c69583d03ca,jarrettk-allthethingsyouare-peacockgdejohnettej-1989-c82aab89,mix,True,0.8727272727272727,17,08-08-23_19-58-09,0.08375,5.0,2
Expectations,78892a40-bee3-490c-90e8-226203310b97,hicksj-expectations-drummondrsmittym-1993-78892a40,mix,True,0.9891304347826088,17,08-08-23_19-58-25,0.08375,5.0,2
Tristeza,55736745-695f-4703-a51b-637db2db7324,petersono-tristeza-jonessdurhamb-1970-55736745,mix,True,0.9971014492753623,17,08-08-23_19-58-38,0.08375,5.0,2
Like Someone in Love,cebd562d-6606-40b5-8d58-01c96609470c,powellb-likesomeoneinlove-michelotpclarkek-1953-cebd562d,mix,True,0.8489208633093526,17,08-08-23_19-58-51,0.08375,5.0,2
Lil Darlin,f892ef46-a5e6-4624-a694-36444677cfa2,tynerm-lildarlin-sharpeahayesl-1986-f892ef46,mix,True,0.48101265822784817,18,08-08-23_19-59-07,0.08937500000000001,5.0,2
Take the Coltrane,d8efd19a-95cb-47b7-a113-846ac138be11,barronk-takethecoltrane-hadenchaynesr-1994-d8efd19a,mix,True,0.9282700421940928,18,08-08-23_19-59-22,0.08937500000000001,5.0,2
Denzils Best,b4be29dc-0604-4d35-9eec-a1134ddf4d18,flanagant-denzilsbest-mrazgjonese-1976-b4be29dc,mix,True,0.9932885906040269,18,08-08-23_19-59-36,0.08937500000000001,5.0,2
Holy Mama,9983c9b5-42f8-430f-803c-1afa05bfd4bd,mancej-holymama-riveramlaroccas-1977-9983c9b5,mix,True,1.0,18,08-08-23_19-59-51,0.08937500000000001,5.0,2
Dolphin Dance,87cd9343-6d9e-4651-aabc-aa191fd7c6b0,jamala-dolphindance-nasserjgantf-1971-87cd9343,mix,True,0.9290322580645162,18,08-08-23_20-00-04,0.08937500000000001,5.0,2
Emily,f9fa0f9b-b3d7-4f59-a376-54fc83d42e80,evansb-emily-gomezemorellm-1968-f9fa0f9b,mix,True,0.9782608695652174,18,08-08-23_20-00-16,0.08937500000000001,5.0,2
All the Things You Are,c82aab89-ca2b-4211-842f-9c69583d03ca,jarrettk-allthethingsyouare-peacockgdejohnettej-1989-c82aab89,mix,True,0.8727272727272727,18,08-08-23_20-00-31,0.08937500000000001,5.0,2
Expectations,78892a40-bee3-490c-90e8-226203310b97,hicksj-expectations-drummondrsmittym-1993-78892a40,mix,True,0.994535519125683,18,08-08-23_20-00-48,0.08937500000000001,5.0,2
Tristeza,55736745-695f-4703-a51b-637db2db7324,petersono-tristeza-jonessdurhamb-1970-55736745,mix,True,0.9971014492753623,18,08-08-23_20-01-00,0.08937500000000001,5.0,2
Like Someone in Love,cebd562d-6606-40b5-8d58-01c96609470c,powellb-likesomeoneinlove-michelotpclarkek-1953-cebd562d,mix,True,0.8489208633093526,18,08-08-23_20-01-14,0.08937500000000001,5.0,2
Lil Darlin,f892ef46-a5e6-4624-a694-36444677cfa2,tynerm-lildarlin-sharpeahayesl-1986-f892ef46,mix,True,0.48101265822784817,19,08-08-23_20-01-29,0.08750000000000001,5.0,2
Take the Coltrane,d8efd19a-95cb-47b7-a113-846ac138be11,barronk-takethecoltrane-hadenchaynesr-1994-d8efd19a,mix,True,0.9282700421940928,19,08-08-23_20-01-45,0.08750000000000001,5.0,2
Denzils Best,b4be29dc-0604-4d35-9eec-a1134ddf4d18,flanagant-denzilsbest-mrazgjonese-1976-b4be29dc,mix,True,0.9932885906040269,19,08-08-23_20-01-59,0.08750000000000001,5.0,2
Holy Mama,9983c9b5-42f8-430f-803c-1afa05bfd4bd,mancej-holymama-riveramlaroccas-1977-9983c9b5,mix,True,1.0,19,08-08-23_20-02-13,0.08750000000000001,5.0,2
Dolphin Dance,87cd9343-6d9e-4651-aabc-aa191fd7c6b0,jamala-dolphindance-nasserjgantf-1971-87cd9343,mix,True,0.9290322580645162,19,08-08-23_20-02-27,0.08750000000000001,5.0,2
Emily,f9fa0f9b-b3d7-4f59-a376-54fc83d42e80,evansb-emily-gomezemorellm-1968-f9fa0f9b,mix,True,0.9782608695652174,19,08-08-23_20-02-39,0.08750000000000001,5.0,2
All the Things You Are,c82aab89-ca2b-4211-842f-9c69583d03ca,jarrettk-allthethingsyouare-peacockgdejohnettej-1989-c82aab89,mix,True,0.8727272727272727,19,08-08-23_20-02-54,0.08750000000000001,5.0,2
Expectations,78892a40-bee3-490c-90e8-226203310b97,hicksj-expectations-drummondrsmittym-1993-78892a40,mix,True,0.994535519125683,19,08-08-23_20-03-10,0.08750000000000001,5.0,2
Tristeza,55736745-695f-4703-a51b-637db2db7324,petersono-tristeza-jonessdurhamb-1970-55736745,mix,True,0.9971014492753623,19,08-08-23_20-03-23,0.08750000000000001,5.0,2
Like Someone in Love,cebd562d-6606-40b5-8d58-01c96609470c,powellb-likesomeoneinlove-michelotpclarkek-1953-cebd562d,mix,True,0.8489208633093526,19,08-08-23_20-03-37,0.08750000000000001,5.0,2
Lil Darlin,f892ef46-a5e6-4624-a694-36444677cfa2,tynerm-lildarlin-sharpeahayesl-1986-f892ef46,mix,True,0.48101265822784817,20,08-08-23_20-03-51,0.08937500000000001,5.0,2
Take the Coltrane,d8efd19a-95cb-47b7-a113-846ac138be11,barronk-takethecoltrane-hadenchaynesr-1994-d8efd19a,mix,True,0.9282700421940928,20,08-08-23_20-04-07,0.08937500000000001,5.0,2
Denzils Best,b4be29dc-0604-4d35-9eec-a1134ddf4d18,flanagant-denzilsbest-mrazgjonese-1976-b4be29dc,mix,True,0.9932885906040269,20,08-08-23_20-04-20,0.08937500000000001,5.0,2
Holy Mama,9983c9b5-42f8-430f-803c-1afa05bfd4bd,mancej-holymama-riveramlaroccas-1977-9983c9b5,mix,True,1.0,20,08-08-23_20-04-35,0.08937500000000001,5.0,2
Dolphin Dance,87cd9343-6d9e-4651-aabc-aa191fd7c6b0,jamala-dolphindance-nasserjgantf-1971-87cd9343,mix,True,0.9290322580645162,20,08-08-23_20-04-48,0.08937500000000001,5.0,2
Emily,f9fa0f9b-b3d7-4f59-a376-54fc83d42e80,evansb-emily-gomezemorellm-1968-f9fa0f9b,mix,True,0.9782608695652174,20,08-08-23_20-05-00,0.08937500000000001,5.0,2
All the Things You Are,c82aab89-ca2b-4211-842f-9c69583d03ca,jarrettk-allthethingsyouare-peacockgdejohnettej-1989-c82aab89,mix,True,0.8727272727272727,20,08-08-23_20-05-16,0.08937500000000001,5.0,2
Expectations,78892a40-bee3-490c-90e8-226203310b97,hicksj-expectations-drummondrsmittym-1993-78892a40,mix,True,0.994535519125683,20,08-08-23_20-05-34,0.08937500000000001,5.0,2
Tristeza,55736745-695f-4703-a51b-637db2db7324,petersono-tristeza-jonessdurhamb-1970-55736745,mix,True,0.9971014492753623,20,08-08-23_20-05-47,0.08937500000000001,5.0,2
Like Someone in Love,cebd562d-6606-40b5-8d58-01c96609470c,powellb-likesomeoneinlove-michelotpclarkek-1953-cebd562d,mix,True,0.8489208633093526,20,08-08-23_20-06-01,0.08937500000000001,5.0,2
Lil Darlin,f892ef46-a5e6-4624-a694-36444677cfa2,tynerm-lildarlin-sharpeahayesl-1986-f892ef46,mix,True,0.48101265822784817,21,08-08-23_20-06-16,0.085625,5.0,2
Take the Coltrane,d8efd19a-95cb-47b7-a113-846ac138be11,barronk-takethecoltrane-hadenchaynesr-1994-d8efd19a,mix,True,0.9282700421940928,21,08-08-23_20-06-32,0.085625,5.0,2
Denzils Best,b4be29dc-0604-4d35-9eec-a1134ddf4d18,flanagant-denzilsbest-mrazgjonese-1976-b4be29dc,mix,True,0.9932885906040269,21,08-08-23_20-06-45,0.085625,5.0,2
Holy Mama,9983c9b5-42f8-430f-803c-1afa05bfd4bd,mancej-holymama-riveramlaroccas-1977-9983c9b5,mix,True,1.0,21,08-08-23_20-07-00,0.085625,5.0,2
Dolphin Dance,87cd9343-6d9e-4651-aabc-aa191fd7c6b0,jamala-dolphindance-nasserjgantf-1971-87cd9343,mix,True,0.9290322580645162,21,08-08-23_20-07-13,0.085625,5.0,2
Emily,f9fa0f9b-b3d7-4f59-a376-54fc83d42e80,evansb-emily-gomezemorellm-1968-f9fa0f9b,mix,True,0.9782608695652174,21,08-08-23_20-07-25,0.085625,5.0,2
All the Things You Are,c82aab89-ca2b-4211-842f-9c69583d03ca,jarrettk-allthethingsyouare-peacockgdejohnettej-1989-c82aab89,mix,True,0.8727272727272727,21,08-08-23_20-07-41,0.085625,5.0,2
Expectations,78892a40-bee3-490c-90e8-226203310b97,hicksj-expectations-drummondrsmittym-1993-78892a40,mix,True,0.9891304347826088,21,08-08-23_20-07-57,0.085625,5.0,2
Tristeza,55736745-695f-4703-a51b-637db2db7324,petersono-tristeza-jonessdurhamb-1970-55736745,mix,True,0.9971014492753623,21,08-08-23_20-08-10,0.085625,5.0,2
Like Someone in Love,cebd562d-6606-40b5-8d58-01c96609470c,powellb-likesomeoneinlove-michelotpclarkek-1953-cebd562d,mix,True,0.8489208633093526,21,08-08-23_20-08-24,0.085625,5.0,2
Lil Darlin,f892ef46-a5e6-4624-a694-36444677cfa2,tynerm-lildarlin-sharpeahayesl-1986-f892ef46,mix,True,0.48101265822784817,22,08-08-23_20-08-39,0.0884375,5.0,2
Take the Coltrane,d8efd19a-95cb-47b7-a113-846ac138be11,barronk-takethecoltrane-hadenchaynesr-1994-d8efd19a,mix,True,0.9282700421940928,22,08-08-23_20-08-54,0.0884375,5.0,2
Denzils Best,b4be29dc-0604-4d35-9eec-a1134ddf4d18,flanagant-denzilsbest-mrazgjonese-1976-b4be29dc,mix,True,0.9932885906040269,22,08-08-23_20-09-08,0.0884375,5.0,2
Holy Mama,9983c9b5-42f8-430f-803c-1afa05bfd4bd,mancej-holymama-riveramlaroccas-1977-9983c9b5,mix,True,1.0,22,08-08-23_20-09-23,0.0884375,5.0,2
Dolphin Dance,87cd9343-6d9e-4651-aabc-aa191fd7c6b0,jamala-dolphindance-nasserjgantf-1971-87cd9343,mix,True,0.9290322580645162,22,08-08-23_20-09-37,0.0884375,5.0,2
Emily,f9fa0f9b-b3d7-4f59-a376-54fc83d42e80,evansb-emily-gomezemorellm-1968-f9fa0f9b,mix,True,0.9782608695652174,22,08-08-23_20-09-49,0.0884375,5.0,2
All the Things You Are,c82aab89-ca2b-4211-842f-9c69583d03ca,jarrettk-allthethingsyouare-peacockgdejohnettej-1989-c82aab89,mix,True,0.8727272727272727,22,08-08-23_20-10-04,0.0884375,5.0,2
Expectations,78892a40-bee3-490c-90e8-226203310b97,hicksj-expectations-drummondrsmittym-1993-78892a40,mix,True,0.994535519125683,22,08-08-23_20-10-21,0.0884375,5.0,2
Tristeza,55736745-695f-4703-a51b-637db2db7324,petersono-tristeza-jonessdurhamb-1970-55736745,mix,True,0.9971014492753623,22,08-08-23_20-10-34,0.0884375,5.0,2
Like Someone in Love,cebd562d-6606-40b5-8d58-01c96609470c,powellb-likesomeoneinlove-michelotpclarkek-1953-cebd562d,mix,True,0.8489208633093526,22,08-08-23_20-10-48,0.0884375,5.0,2
Lil Darlin,f892ef46-a5e6-4624-a694-36444677cfa2,tynerm-lildarlin-sharpeahayesl-1986-f892ef46,mix,True,0.48101265822784817,23,08-08-23_20-11-03,0.08750000000000001,5.0,2
Take the Coltrane,d8efd19a-95cb-47b7-a113-846ac138be11,barronk-takethecoltrane-hadenchaynesr-1994-d8efd19a,mix,True,0.9282700421940928,23,08-08-23_20-11-18,0.08750000000000001,5.0,2
Denzils Best,b4be29dc-0604-4d35-9eec-a1134ddf4d18,flanagant-denzilsbest-mrazgjonese-1976-b4be29dc,mix,True,0.9932885906040269,23,08-08-23_20-11-32,0.08750000000000001,5.0,2
Holy Mama,9983c9b5-42f8-430f-803c-1afa05bfd4bd,mancej-holymama-riveramlaroccas-1977-9983c9b5,mix,True,1.0,23,08-08-23_20-11-47,0.08750000000000001,5.0,2
Dolphin Dance,87cd9343-6d9e-4651-aabc-aa191fd7c6b0,jamala-dolphindance-nasserjgantf-1971-87cd9343,mix,True,0.9290322580645162,23,08-08-23_20-12-00,0.08750000000000001,5.0,2
Emily,f9fa0f9b-b3d7-4f59-a376-54fc83d42e80,evansb-emily-gomezemorellm-1968-f9fa0f9b,mix,True,0.9782608695652174,23,08-08-23_20-12-12,0.08750000000000001,5.0,2
All the Things You Are,c82aab89-ca2b-4211-842f-9c69583d03ca,jarrettk-allthethingsyouare-peacockgdejohnettej-1989-c82aab89,mix,True,0.8727272727272727,23,08-08-23_20-12-27,0.08750000000000001,5.0,2
Expectations,78892a40-bee3-490c-90e8-226203310b97,hicksj-expectations-drummondrsmittym-1993-78892a40,mix,True,0.994535519125683,23,08-08-23_20-12-43,0.08750000000000001,5.0,2
Tristeza,55736745-695f-4703-a51b-637db2db7324,petersono-tristeza-jonessdurhamb-1970-55736745,mix,True,0.9971014492753623,23,08-08-23_20-12-56,0.08750000000000001,5.0,2
Like Someone in Love,cebd562d-6606-40b5-8d58-01c96609470c,powellb-likesomeoneinlove-michelotpclarkek-1953-cebd562d,mix,True,0.8489208633093526,23,08-08-23_20-13-10,0.08750000000000001,5.0,2
Lil Darlin,f892ef46-a5e6-4624-a694-36444677cfa2,tynerm-lildarlin-sharpeahayesl-1986-f892ef46,mix,True,0.48101265822784817,24,08-08-23_20-13-26,0.0884375,5.0,2
Take the Coltrane,d8efd19a-95cb-47b7-a113-846ac138be11,barronk-takethecoltrane-hadenchaynesr-1994-d8efd19a,mix,True,0.9282700421940928,24,08-08-23_20-13-42,0.0884375,5.0,2
Denzils Best,b4be29dc-0604-4d35-9eec-a1134ddf4d18,flanagant-denzilsbest-mrazgjonese-1976-b4be29dc,mix,True,0.9932885906040269,24,08-08-23_20-13-55,0.0884375,5.0,2
Holy Mama,9983c9b5-42f8-430f-803c-1afa05bfd4bd,mancej-holymama-riveramlaroccas-1977-9983c9b5,mix,True,1.0,24,08-08-23_20-14-10,0.0884375,5.0,2
Dolphin Dance,87cd9343-6d9e-4651-aabc-aa191fd7c6b0,jamala-dolphindance-nasserjgantf-1971-87cd9343,mix,True,0.9290322580645162,24,08-08-23_20-14-23,0.0884375,5.0,2
Emily,f9fa0f9b-b3d7-4f59-a376-54fc83d42e80,evansb-emily-gomezemorellm-1968-f9fa0f9b,mix,True,0.9782608695652174,24,08-08-23_20-14-35,0.0884375,5.0,2
All the Things You Are,c82aab89-ca2b-4211-842f-9c69583d03ca,jarrettk-allthethingsyouare-peacockgdejohnettej-1989-c82aab89,mix,True,0.8727272727272727,24,08-08-23_20-14-51,0.0884375,5.0,2
Expectations,78892a40-bee3-490c-90e8-226203310b97,hicksj-expectations-drummondrsmittym-1993-78892a40,mix,True,0.994535519125683,24,08-08-23_20-15-07,0.0884375,5.0,2
Tristeza,55736745-695f-4703-a51b-637db2db7324,petersono-tristeza-jonessdurhamb-1970-55736745,mix,True,0.9971014492753623,24,08-08-23_20-15-20,0.0884375,5.0,2
Like Someone in Love,cebd562d-6606-40b5-8d58-01c96609470c,powellb-likesomeoneinlove-michelotpclarkek-1953-cebd562d,mix,True,0.8489208633093526,24,08-08-23_20-15-33,0.0884375,5.0,2
Lil Darlin,f892ef46-a5e6-4624-a694-36444677cfa2,tynerm-lildarlin-sharpeahayesl-1986-f892ef46,mix,True,0.48101265822784817,25,08-08-23_20-15-49,0.0884375,4.625,2
Take the Coltrane,d8efd19a-95cb-47b7-a113-846ac138be11,barronk-takethecoltrane-hadenchaynesr-1994-d8efd19a,mix,True,0.9282700421940928,25,08-08-23_20-16-04,0.0884375,4.625,2
Denzils Best,b4be29dc-0604-4d35-9eec-a1134ddf4d18,flanagant-denzilsbest-mrazgjonese-1976-b4be29dc,mix,True,0.9932885906040269,25,08-08-23_20-16-18,0.0884375,4.625,2
Holy Mama,9983c9b5-42f8-430f-803c-1afa05bfd4bd,mancej-holymama-riveramlaroccas-1977-9983c9b5,mix,True,1.0,25,08-08-23_20-16-33,0.0884375,4.625,2
Dolphin Dance,87cd9343-6d9e-4651-aabc-aa191fd7c6b0,jamala-dolphindance-nasserjgantf-1971-87cd9343,mix,True,0.9290322580645162,25,08-08-23_20-16-46,0.0884375,4.625,2
Emily,f9fa0f9b-b3d7-4f59-a376-54fc83d42e80,evansb-emily-gomezemorellm-1968-f9fa0f9b,mix,True,0.9782608695652174,25,08-08-23_20-17-00,0.0884375,4.625,2
All the Things You Are,c82aab89-ca2b-4211-842f-9c69583d03ca,jarrettk-allthethingsyouare-peacockgdejohnettej-1989-c82aab89,mix,True,0.8727272727272727,25,08-08-23_20-17-15,0.0884375,4.625,2
Expectations,78892a40-bee3-490c-90e8-226203310b97,hicksj-expectations-drummondrsmittym-1993-78892a40,mix,True,0.994535519125683,25,08-08-23_20-17-31,0.0884375,4.625,2
Tristeza,55736745-695f-4703-a51b-637db2db7324,petersono-tristeza-jonessdurhamb-1970-55736745,mix,True,0.9971014492753623,25,08-08-23_20-17-44,0.0884375,4.625,2
Like Someone in Love,cebd562d-6606-40b5-8d58-01c96609470c,powellb-likesomeoneinlove-michelotpclarkek-1953-cebd562d,mix,True,0.8489208633093526,25,08-08-23_20-17-58,0.0884375,4.625,2
Lil Darlin,f892ef46-a5e6-4624-a694-36444677cfa2,tynerm-lildarlin-sharpeahayesl-1986-f892ef46,mix,True,0.48101265822784817,26,08-08-23_20-18-13,0.0884375,5.375,2
Take the Coltrane,d8efd19a-95cb-47b7-a113-846ac138be11,barronk-takethecoltrane-hadenchaynesr-1994-d8efd19a,mix,True,0.9282700421940928,26,08-08-23_20-18-28,0.0884375,5.375,2
Denzils Best,b4be29dc-0604-4d35-9eec-a1134ddf4d18,flanagant-denzilsbest-mrazgjonese-1976-b4be29dc,mix,True,0.9932885906040269,26,08-08-23_20-18-42,0.0884375,5.375,2
Holy Mama,9983c9b5-42f8-430f-803c-1afa05bfd4bd,mancej-holymama-riveramlaroccas-1977-9983c9b5,mix,True,1.0,26,08-08-23_20-18-56,0.0884375,5.375,2
Dolphin Dance,87cd9343-6d9e-4651-aabc-aa191fd7c6b0,jamala-dolphindance-nasserjgantf-1971-87cd9343,mix,True,0.9290322580645162,26,08-08-23_20-19-10,0.0884375,5.375,2
Emily,f9fa0f9b-b3d7-4f59-a376-54fc83d42e80,evansb-emily-gomezemorellm-1968-f9fa0f9b,mix,True,0.9782608695652174,26,08-08-23_20-19-22,0.0884375,5.375,2
All the Things You Are,c82aab89-ca2b-4211-842f-9c69583d03ca,jarrettk-allthethingsyouare-peacockgdejohnettej-1989-c82aab89,mix,True,0.8727272727272727,26,08-08-23_20-19-38,0.0884375,5.375,2
Expectations,78892a40-bee3-490c-90e8-226203310b97,hicksj-expectations-drummondrsmittym-1993-78892a40,mix,True,0.994535519125683,26,08-08-23_20-19-54,0.0884375,5.375,2
Tristeza,55736745-695f-4703-a51b-637db2db7324,petersono-tristeza-jonessdurhamb-1970-55736745,mix,True,0.9971014492753623,26,08-08-23_20-20-07,0.0884375,5.375,2
Like Someone in Love,cebd562d-6606-40b5-8d58-01c96609470c,powellb-likesomeoneinlove-michelotpclarkek-1953-cebd562d,mix,True,0.8489208633093526,26,08-08-23_20-20-20,0.0884375,5.375,2
Lil Darlin,f892ef46-a5e6-4624-a694-36444677cfa2,tynerm-lildarlin-sharpeahayesl-1986-f892ef46,mix,True,0.48101265822784817,27,08-08-23_20-20-35,0.0884375,4.8125,2
Take the Coltrane,d8efd19a-95cb-47b7-a113-846ac138be11,barronk-takethecoltrane-hadenchaynesr-1994-d8efd19a,mix,True,0.9282700421940928,27,08-08-23_20-20-51,0.0884375,4.8125,2
Denzils Best,b4be29dc-0604-4d35-9eec-a1134ddf4d18,flanagant-denzilsbest-mrazgjonese-1976-b4be29dc,mix,True,0.9932885906040269,27,08-08-23_20-21-05,0.0884375,4.8125,2
Holy Mama,9983c9b5-42f8-430f-803c-1afa05bfd4bd,mancej-holymama-riveramlaroccas-1977-9983c9b5,mix,True,1.0,27,08-08-23_20-21-19,0.0884375,4.8125,2
Dolphin Dance,87cd9343-6d9e-4651-aabc-aa191fd7c6b0,jamala-dolphindance-nasserjgantf-1971-87cd9343,mix,True,0.9290322580645162,27,08-08-23_20-21-32,0.0884375,4.8125,2
Emily,f9fa0f9b-b3d7-4f59-a376-54fc83d42e80,evansb-emily-gomezemorellm-1968-f9fa0f9b,mix,True,0.9782608695652174,27,08-08-23_20-21-44,0.0884375,4.8125,2
All the Things You Are,c82aab89-ca2b-4211-842f-9c69583d03ca,jarrettk-allthethingsyouare-peacockgdejohnettej-1989-c82aab89,mix,True,0.8727272727272727,27,08-08-23_20-22-00,0.0884375,4.8125,2
Expectations,78892a40-bee3-490c-90e8-226203310b97,hicksj-expectations-drummondrsmittym-1993-78892a40,mix,True,0.994535519125683,27,08-08-23_20-22-16,0.0884375,4.8125,2
Tristeza,55736745-695f-4703-a51b-637db2db7324,petersono-tristeza-jonessdurhamb-1970-55736745,mix,True,0.9971014492753623,27,08-08-23_20-22-29,0.0884375,4.8125,2
Like Someone in Love,cebd562d-6606-40b5-8d58-01c96609470c,powellb-likesomeoneinlove-michelotpclarkek-1953-cebd562d,mix,True,0.8489208633093526,27,08-08-23_20-22-42,0.0884375,4.8125,2
Lil Darlin,f892ef46-a5e6-4624-a694-36444677cfa2,tynerm-lildarlin-sharpeahayesl-1986-f892ef46,mix,True,0.48101265822784817,28,08-08-23_20-22-57,0.0884375,4.8125,2
Take the Coltrane,d8efd19a-95cb-47b7-a113-846ac138be11,barronk-takethecoltrane-hadenchaynesr-1994-d8efd19a,mix,True,0.9282700421940928,28,08-08-23_20-23-13,0.0884375,4.8125,2
Denzils Best,b4be29dc-0604-4d35-9eec-a1134ddf4d18,flanagant-denzilsbest-mrazgjonese-1976-b4be29dc,mix,True,0.9932885906040269,28,08-08-23_20-23-27,0.0884375,4.8125,2
Holy Mama,9983c9b5-42f8-430f-803c-1afa05bfd4bd,mancej-holymama-riveramlaroccas-1977-9983c9b5,mix,True,1.0,28,08-08-23_20-23-41,0.0884375,4.8125,2
Dolphin Dance,87cd9343-6d9e-4651-aabc-aa191fd7c6b0,jamala-dolphindance-nasserjgantf-1971-87cd9343,mix,True,0.9290322580645162,28,08-08-23_20-23-54,0.0884375,4.8125,2
Emily,f9fa0f9b-b3d7-4f59-a376-54fc83d42e80,evansb-emily-gomezemorellm-1968-f9fa0f9b,mix,True,0.9782608695652174,28,08-08-23_20-24-07,0.0884375,4.8125,2
All the Things You Are,c82aab89-ca2b-4211-842f-9c69583d03ca,jarrettk-allthethingsyouare-peacockgdejohnettej-1989-c82aab89,mix,True,0.8727272727272727,28,08-08-23_20-24-22,0.0884375,4.8125,2
Expectations,78892a40-bee3-490c-90e8-226203310b97,hicksj-expectations-drummondrsmittym-1993-78892a40,mix,True,0.994535519125683,28,08-08-23_20-24-38,0.0884375,4.8125,2
Tristeza,55736745-695f-4703-a51b-637db2db7324,petersono-tristeza-jonessdurhamb-1970-55736745,mix,True,0.9971014492753623,28,08-08-23_20-24-51,0.0884375,4.8125,2
Like Someone in Love,cebd562d-6606-40b5-8d58-01c96609470c,powellb-likesomeoneinlove-michelotpclarkek-1953-cebd562d,mix,True,0.8489208633093526,28,08-08-23_20-25-04,0.0884375,4.8125,2
Lil Darlin,f892ef46-a5e6-4624-a694-36444677cfa2,tynerm-lildarlin-sharpeahayesl-1986-f892ef46,mix,True,0.48101265822784817,29,08-08-23_20-25-19,0.0884375,5.1875,2
Take the Coltrane,d8efd19a-95cb-47b7-a113-846ac138be11,barronk-takethecoltrane-hadenchaynesr-1994-d8efd19a,mix,True,0.9282700421940928,29,08-08-23_20-25-35,0.0884375,5.1875,2
Denzils Best,b4be29dc-0604-4d35-9eec-a1134ddf4d18,flanagant-denzilsbest-mrazgjonese-1976-b4be29dc,mix,True,0.9932885906040269,29,08-08-23_20-25-49,0.0884375,5.1875,2
Holy Mama,9983c9b5-42f8-430f-803c-1afa05bfd4bd,mancej-holymama-riveramlaroccas-1977-9983c9b5,mix,True,1.0,29,08-08-23_20-26-03,0.0884375,5.1875,2
Dolphin Dance,87cd9343-6d9e-4651-aabc-aa191fd7c6b0,jamala-dolphindance-nasserjgantf-1971-87cd9343,mix,True,0.9290322580645162,29,08-08-23_20-26-16,0.0884375,5.1875,2
Emily,f9fa0f9b-b3d7-4f59-a376-54fc83d42e80,evansb-emily-gomezemorellm-1968-f9fa0f9b,mix,True,0.9782608695652174,29,08-08-23_20-26-29,0.0884375,5.1875,2
All the Things You Are,c82aab89-ca2b-4211-842f-9c69583d03ca,jarrettk-allthethingsyouare-peacockgdejohnettej-1989-c82aab89,mix,True,0.8727272727272727,29,08-08-23_20-26-44,0.0884375,5.1875,2
Expectations,78892a40-bee3-490c-90e8-226203310b97,hicksj-expectations-drummondrsmittym-1993-78892a40,mix,True,0.994535519125683,29,08-08-23_20-27-00,0.0884375,5.1875,2
Tristeza,55736745-695f-4703-a51b-637db2db7324,petersono-tristeza-jonessdurhamb-1970-55736745,mix,True,0.9971014492753623,29,08-08-23_20-27-13,0.0884375,5.1875,2
Like Someone in Love,cebd562d-6606-40b5-8d58-01c96609470c,powellb-likesomeoneinlove-michelotpclarkek-1953-cebd562d,mix,True,0.8489208633093526,29,08-08-23_20-27-26,0.0884375,5.1875,2
Lil Darlin,f892ef46-a5e6-4624-a694-36444677cfa2,tynerm-lildarlin-sharpeahayesl-1986-f892ef46,mix,True,0.48101265822784817,30,08-08-23_20-27-41,0.0884375,4.90625,2
Take the Coltrane,d8efd19a-95cb-47b7-a113-846ac138be11,barronk-takethecoltrane-hadenchaynesr-1994-d8efd19a,mix,True,0.9282700421940928,30,08-08-23_20-27-57,0.0884375,4.90625,2
Denzils Best,b4be29dc-0604-4d35-9eec-a1134ddf4d18,flanagant-denzilsbest-mrazgjonese-1976-b4be29dc,mix,True,0.9932885906040269,30,08-08-23_20-28-11,0.0884375,4.90625,2
Holy Mama,9983c9b5-42f8-430f-803c-1afa05bfd4bd,mancej-holymama-riveramlaroccas-1977-9983c9b5,mix,True,1.0,30,08-08-23_20-28-25,0.0884375,4.90625,2
Dolphin Dance,87cd9343-6d9e-4651-aabc-aa191fd7c6b0,jamala-dolphindance-nasserjgantf-1971-87cd9343,mix,True,0.9290322580645162,30,08-08-23_20-28-38,0.0884375,4.90625,2
Emily,f9fa0f9b-b3d7-4f59-a376-54fc83d42e80,evansb-emily-gomezemorellm-1968-f9fa0f9b,mix,True,0.9782608695652174,30,08-08-23_20-28-50,0.0884375,4.90625,2
All the Things You Are,c82aab89-ca2b-4211-842f-9c69583d03ca,jarrettk-allthethingsyouare-peacockgdejohnettej-1989-c82aab89,mix,True,0.8727272727272727,30,08-08-23_20-29-06,0.0884375,4.90625,2
Expectations,78892a40-bee3-490c-90e8-226203310b97,hicksj-expectations-drummondrsmittym-1993-78892a40,mix,True,0.994535519125683,30,08-08-23_20-29-22,0.0884375,4.90625,2
Tristeza,55736745-695f-4703-a51b-637db2db7324,petersono-tristeza-jonessdurhamb-1970-55736745,mix,True,0.9971014492753623,30,08-08-23_20-29-35,0.0884375,4.90625,2
Like Someone in Love,cebd562d-6606-40b5-8d58-01c96609470c,powellb-likesomeoneinlove-michelotpclarkek-1953-cebd562d,mix,True,0.8489208633093526,30,08-08-23_20-29-49,0.0884375,4.90625,2
Lil Darlin,f892ef46-a5e6-4624-a694-36444677cfa2,tynerm-lildarlin-sharpeahayesl-1986-f892ef46,mix,True,0.48101265822784817,31,08-08-23_20-30-04,0.0884375,4.90625,2
Take the Coltrane,d8efd19a-95cb-47b7-a113-846ac138be11,barronk-takethecoltrane-hadenchaynesr-1994-d8efd19a,mix,True,0.9282700421940928,31,08-08-23_20-30-20,0.0884375,4.90625,2
Denzils Best,b4be29dc-0604-4d35-9eec-a1134ddf4d18,flanagant-denzilsbest-mrazgjonese-1976-b4be29dc,mix,True,0.9932885906040269,31,08-08-23_20-30-36,0.0884375,4.90625,2
Holy Mama,9983c9b5-42f8-430f-803c-1afa05bfd4bd,mancej-holymama-riveramlaroccas-1977-9983c9b5,mix,True,1.0,31,08-08-23_20-30-53,0.0884375,4.90625,2
Dolphin Dance,87cd9343-6d9e-4651-aabc-aa191fd7c6b0,jamala-dolphindance-nasserjgantf-1971-87cd9343,mix,True,0.9290322580645162,31,08-08-23_20-31-08,0.0884375,4.90625,2
Emily,f9fa0f9b-b3d7-4f59-a376-54fc83d42e80,evansb-emily-gomezemorellm-1968-f9fa0f9b,mix,True,0.9782608695652174,31,08-08-23_20-31-20,0.0884375,4.90625,2
All the Things You Are,c82aab89-ca2b-4211-842f-9c69583d03ca,jarrettk-allthethingsyouare-peacockgdejohnettej-1989-c82aab89,mix,True,0.8727272727272727,31,08-08-23_20-31-36,0.0884375,4.90625,2
Expectations,78892a40-bee3-490c-90e8-226203310b97,hicksj-expectations-drummondrsmittym-1993-78892a40,mix,True,0.994535519125683,31,08-08-23_20-31-52,0.0884375,4.90625,2
Tristeza,55736745-695f-4703-a51b-637db2db7324,petersono-tristeza-jonessdurhamb-1970-55736745,mix,True,0.9971014492753623,31,08-08-23_20-32-06,0.0884375,4.90625,2
Like Someone in Love,cebd562d-6606-40b5-8d58-01c96609470c,powellb-likesomeoneinlove-michelotpclarkek-1953-cebd562d,mix,True,0.8489208633093526,31,08-08-23_20-32-20,0.0884375,4.90625,2
Lil Darlin,f892ef46-a5e6-4624-a694-36444677cfa2,tynerm-lildarlin-sharpeahayesl-1986-f892ef46,mix,True,0.48101265822784817,32,08-08-23_20-32-35,0.0884375,5.09375,2
Take the Coltrane,d8efd19a-95cb-47b7-a113-846ac138be11,barronk-takethecoltrane-hadenchaynesr-1994-d8efd19a,mix,True,0.9282700421940928,32,08-08-23_20-32-51,0.0884375,5.09375,2
Denzils Best,b4be29dc-0604-4d35-9eec-a1134ddf4d18,flanagant-denzilsbest-mrazgjonese-1976-b4be29dc,mix,True,0.9932885906040269,32,08-08-23_20-33-04,0.0884375,5.09375,2
Holy Mama,9983c9b5-42f8-430f-803c-1afa05bfd4bd,mancej-holymama-riveramlaroccas-1977-9983c9b5,mix,True,1.0,32,08-08-23_20-33-19,0.0884375,5.09375,2
Dolphin Dance,87cd9343-6d9e-4651-aabc-aa191fd7c6b0,jamala-dolphindance-nasserjgantf-1971-87cd9343,mix,True,0.9290322580645162,32,08-08-23_20-33-32,0.0884375,5.09375,2
Emily,f9fa0f9b-b3d7-4f59-a376-54fc83d42e80,evansb-emily-gomezemorellm-1968-f9fa0f9b,mix,True,0.9782608695652174,32,08-08-23_20-33-44,0.0884375,5.09375,2
All the Things You Are,c82aab89-ca2b-4211-842f-9c69583d03ca,jarrettk-allthethingsyouare-peacockgdejohnettej-1989-c82aab89,mix,True,0.8727272727272727,32,08-08-23_20-34-00,0.0884375,5.09375,2
Expectations,78892a40-bee3-490c-90e8-226203310b97,hicksj-expectations-drummondrsmittym-1993-78892a40,mix,True,0.994535519125683,32,08-08-23_20-34-16,0.0884375,5.09375,2
Tristeza,55736745-695f-4703-a51b-637db2db7324,petersono-tristeza-jonessdurhamb-1970-55736745,mix,True,0.9971014492753623,32,08-08-23_20-34-29,0.0884375,5.09375,2
Like Someone in Love,cebd562d-6606-40b5-8d58-01c96609470c,powellb-likesomeoneinlove-michelotpclarkek-1953-cebd562d,mix,True,0.8489208633093526,32,08-08-23_20-34-43,0.0884375,5.09375,2
Lil Darlin,f892ef46-a5e6-4624-a694-36444677cfa2,tynerm-lildarlin-sharpeahayesl-1986-f892ef46,mix,True,0.48101265822784817,33,08-08-23_20-34-58,0.0884375,4.953125,2
Take the Coltrane,d8efd19a-95cb-47b7-a113-846ac138be11,barronk-takethecoltrane-hadenchaynesr-1994-d8efd19a,mix,True,0.9282700421940928,33,08-08-23_20-35-13,0.0884375,4.953125,2
Denzils Best,b4be29dc-0604-4d35-9eec-a1134ddf4d18,flanagant-denzilsbest-mrazgjonese-1976-b4be29dc,mix,True,0.9932885906040269,33,08-08-23_20-35-27,0.0884375,4.953125,2
Holy Mama,9983c9b5-42f8-430f-803c-1afa05bfd4bd,mancej-holymama-riveramlaroccas-1977-9983c9b5,mix,True,1.0,33,08-08-23_20-35-41,0.0884375,4.953125,2
Dolphin Dance,87cd9343-6d9e-4651-aabc-aa191fd7c6b0,jamala-dolphindance-nasserjgantf-1971-87cd9343,mix,True,0.9290322580645162,33,08-08-23_20-35-54,0.0884375,4.953125,2
Emily,f9fa0f9b-b3d7-4f59-a376-54fc83d42e80,evansb-emily-gomezemorellm-1968-f9fa0f9b,mix,True,0.9782608695652174,33,08-08-23_20-36-07,0.0884375,4.953125,2
All the Things You Are,c82aab89-ca2b-4211-842f-9c69583d03ca,jarrettk-allthethingsyouare-peacockgdejohnettej-1989-c82aab89,mix,True,0.8727272727272727,33,08-08-23_20-36-22,0.0884375,4.953125,2
Expectations,78892a40-bee3-490c-90e8-226203310b97,hicksj-expectations-drummondrsmittym-1993-78892a40,mix,True,0.994535519125683,33,08-08-23_20-36-38,0.0884375,4.953125,2
Tristeza,55736745-695f-4703-a51b-637db2db7324,petersono-tristeza-jonessdurhamb-1970-55736745,mix,True,0.9971014492753623,33,08-08-23_20-36-51,0.0884375,4.953125,2
Like Someone in Love,cebd562d-6606-40b5-8d58-01c96609470c,powellb-likesomeoneinlove-michelotpclarkek-1953-cebd562d,mix,True,0.8489208633093526,33,08-08-23_20-37-05,0.0884375,4.953125,2
Lil Darlin,f892ef46-a5e6-4624-a694-36444677cfa2,tynerm-lildarlin-sharpeahayesl-1986-f892ef46,mix,True,0.48101265822784817,34,08-08-23_20-37-20,0.0884375,4.953125,2
Take the Coltrane,d8efd19a-95cb-47b7-a113-846ac138be11,barronk-takethecoltrane-hadenchaynesr-1994-d8efd19a,mix,True,0.9282700421940928,34,08-08-23_20-37-35,0.0884375,4.953125,2
Denzils Best,b4be29dc-0604-4d35-9eec-a1134ddf4d18,flanagant-denzilsbest-mrazgjonese-1976-b4be29dc,mix,True,0.9932885906040269,34,08-08-23_20-37-49,0.0884375,4.953125,2
Holy Mama,9983c9b5-42f8-430f-803c-1afa05bfd4bd,mancej-holymama-riveramlaroccas-1977-9983c9b5,mix,True,1.0,34,08-08-23_20-38-04,0.0884375,4.953125,2
Dolphin Dance,87cd9343-6d9e-4651-aabc-aa191fd7c6b0,jamala-dolphindance-nasserjgantf-1971-87cd9343,mix,True,0.9290322580645162,34,08-08-23_20-38-17,0.0884375,4.953125,2
Emily,f9fa0f9b-b3d7-4f59-a376-54fc83d42e80,evansb-emily-gomezemorellm-1968-f9fa0f9b,mix,True,0.9782608695652174,34,08-08-23_20-38-29,0.0884375,4.953125,2
All the Things You Are,c82aab89-ca2b-4211-842f-9c69583d03ca,jarrettk-allthethingsyouare-peacockgdejohnettej-1989-c82aab89,mix,True,0.8727272727272727,34,08-08-23_20-38-44,0.0884375,4.953125,2
Expectations,78892a40-bee3-490c-90e8-226203310b97,hicksj-expectations-drummondrsmittym-1993-78892a40,mix,True,0.994535519125683,34,08-08-23_20-39-00,0.0884375,4.953125,2
Tristeza,55736745-695f-4703-a51b-637db2db7324,petersono-tristeza-jonessdurhamb-1970-55736745,mix,True,0.9971014492753623,34,08-08-23_20-39-14,0.0884375,4.953125,2
Like Someone in Love,cebd562d-6606-40b5-8d58-01c96609470c,powellb-likesomeoneinlove-michelotpclarkek-1953-cebd562d,mix,True,0.8489208633093526,34,08-08-23_20-39-28,0.0884375,4.953125,2
